file,width,height,aspect_ratio,mean_intensity,std_intensity,laplacian_var,dark_fraction,otsu_ink_fraction
data/work/Sample_Small/Segmentation_Images/Lines/1/1_1/1_1_1.jpg,495,81,6.111111111111111,213.5761067464771,82.1442478436792,1482.6652371437142,0.12906846240179573,0.16321237061977803
data/work/Sample_Small/Segmentation_Images/Lines/1/1_1/1_1_10.jpg,1828,137,13.343065693430656,229.48708252807106,69.34624702031188,1056.7752097750522,0.08549090386366177,0.10217780191346292
data/work/Sample_Small/Segmentation_Images/Lines/1/1_1/1_1_11.jpg,1937,190,10.194736842105263,233.88214819444067,63.82779553707517,801.6806970437857,0.07066543488302585,0.08445778876722006
data/work/Sample_Small/Segmentation_Images/Lines/1/1_1/1_1_12.jpg,1049,115,9.121739130434783,223.5278318895843,76.25551714091843,1224.279333005961,0.10661914038214448,0.12604965391470138
data/work/Sample_Small/Segmentation_Images/Lines/1/1_1/1_1_2.jpg,1607,152,10.572368421052632,231.7929166803131,65.39711921949811,839.1012531640425,0.07432941407657288,0.09297727049421937
data/work/Sample_Small/Segmentation_Images/Lines/1/1_1/1_1_3.jpg,1877,174,10.78735632183908,235.4113864751162,60.678190080486075,707.8989518017664,0.06273767751180351,0.07806232738718547
data/work/Sample_Small/Segmentation_Images/Lines/1/1_1/1_1_4.jpg,1581,155,10.2,233.55432862010568,63.44473393053211,814.9058764813753,0.06987410989369733,0.08609495827467303
data/work/Sample_Small/Segmentation_Images/Lines/1/1_1/1_1_5.jpg,1912,163,11.730061349693251,234.23155017070104,62.55234116080815,798.7104655619864,0.06750391457247734,0.08330980311625638
data/work/Sample_Small/Segmentation_Images/Lines/1/1_1/1_1_6.jpg,1639,142,11.54225352112676,229.20553583858245,68.9658961945623,1069.9131371307851,0.08445118545317051,0.10327063049437565
data/work/Sample_Small/Segmentation_Images/Lines/1/1_1/1_1_7.jpg,1860,171,10.87719298245614,232.56588379551027,64.91573273232876,879.2305328568417,0.07353643966547192,0.09043576683644595
data/work/Sample_Small/Segmentation_Images/Lines/1/1_1/1_1_8.jpg,1914,169,11.325443786982248,234.25807658301028,63.147582394843816,771.2655396731151,0.06917264874824557,0.08319266939956595
data/work/Sample_Small/Segmentation_Images/Lines/1/1_1/1_1_9.jpg,1646,112,14.696428571428571,224.99065374934906,74.44857807147079,1350.839538735708,0.10067154139906266,0.11979799513973269
data/work/Sample_Small/Segmentation_Images/Lines/1/1_1.jpg,2288,2196,1.041894353369763,241.3807232157642,51.990272188105315,523.9235575472221,0.044865426012966995,0.05480840880431044
data/work/Sample_Small/Segmentation_Images/Lines/1/1_2/1_2_1.jpg,2109,146,14.445205479452055,229.3477659346441,67.78616295185539,1300.1103602263781,0.08283156985392025,0.09537728066927778
data/work/Sample_Small/Segmentation_Images/Lines/1/1_2/1_2_10.jpg,2186,129,16.94573643410853,227.06849791130307,69.74410761703498,2110.5289010242823,0.08921111796704895,0.10037092987794066
data/work/Sample_Small/Segmentation_Images/Lines/1/1_2/1_2_11.jpg,2134,113,18.884955752212388,224.2106186396397,73.77740882707913,2347.8269483982235,0.10187358485871395,0.11441391379353244
data/work/Sample_Small/Segmentation_Images/Lines/1/1_2/1_2_12.jpg,2026,123,16.471544715447155,223.3620976091301,75.25209212065545,2320.399795919784,0.10620871756595157,0.11917832406359602
data/work/Sample_Small/Segmentation_Images/Lines/1/1_2/1_2_13.jpg,2093,140,14.95,230.71754487748277,66.18248644868846,1583.6625785175102,0.07894682956794757,0.08879939935840557
data/work/Sample_Small/Segmentation_Images/Lines/1/1_2/1_2_14.jpg,2164,158,13.69620253164557,231.25810734925946,66.24603471069392,1332.3942036249348,0.07851435457076675,0.08934170195839865
data/work/Sample_Small/Segmentation_Images/Lines/1/1_2/1_2_15.jpg,1965,152,12.927631578947368,230.84473349404044,67.33439880134435,1362.4864064613196,0.08115039507164859,0.09215213606535423
data/work/Sample_Small/Segmentation_Images/Lines/1/1_2/1_2_16.jpg,1079,120,8.991666666666667,221.2154232313871,77.18068603128945,1709.7889800257565,0.11220265678097004,0.1274328081556997
data/work/Sample_Small/Segmentation_Images/Lines/1/1_2/1_2_17.jpg,2225,184,12.092391304347826,232.55129702002932,63.92656988951456,955.6383616143253,0.07201270151441133,0.0835295554469956
data/work/Sample_Small/Segmentation_Images/Lines/1/1_2/1_2_18.jpg,1948,184,10.58695652173913,232.13589188465315,64.47715393578885,972.7585921073126,0.07343094366574413,0.08573732256048568
data/work/Sample_Small/Segmentation_Images/Lines/1/1_2/1_2_19.jpg,1990,148,13.445945945945946,227.49439087328534,70.45580329849228,1243.3683812870374,0.09042170311014532,0.10234958576667119
data/work/Sample_Small/Segmentation_Images/Lines/1/1_2/1_2_2.jpg,2119,100,21.19,218.4472722982539,79.77810513458253,2015.792648759454,0.12165644171779141,0.14085417649834828
data/work/Sample_Small/Segmentation_Images/Lines/1/1_2/1_2_20.jpg,1945,147,13.231292517006803,230.99109525558296,66.14871764082687,1302.4081973023574,0.07830299214801602,0.08870118741584038
data/work/Sample_Small/Segmentation_Images/Lines/1/1_2/1_2_3.jpg,1872,154,12.155844155844155,229.06010656010656,68.48007527814755,1505.9424756876376,0.0849532412032412,0.09773212898212898
data/work/Sample_Small/Segmentation_Images/Lines/1/1_2/1_2_4.jpg,2092,110,19.01818181818182,224.93830175560578,73.66164913870854,1905.027725777577,0.1006387971493134,0.11515730922996698
data/work/Sample_Small/Segmentation_Images/Lines/1/1_2/1_2_5.jpg,2103,113,18.61061946902655,224.65115574463786,73.41644163444474,1933.4804828299477,0.09983630633018992,0.11432887699409609
data/work/Sample_Small/Segmentation_Images/Lines/1/1_2/1_2_6.jpg,1871,147,12.727891156462585,231.70925366405248,65.9515312059661,1736.9384193507901,0.07816402883975611,0.08824267280402273
data/work/Sample_Small/Segmentation_Images/Lines/1/1_2/1_2_7.jpg,2020,130,15.538461538461538,226.934900990099,71.77482194503537,2010.0979385186013,0.09496953541507996,0.10687738004569687
data/work/Sample_Small/Segmentation_Images/Lines/1/1_2/1_2_8.jpg,2178,129,16.88372093023256,230.8752500338124,66.67144113195941,1837.5248377312435,0.08025284558054115,0.09056740769214343
data/work/Sample_Small/Segmentation_Images/Lines/1/1_2/1_2_9.jpg,313,97,3.2268041237113403,215.56210269753961,82.67341861581885,2840.5605292203977,0.13497579131122164,0.15127960212114225
data/work/Sample_Small/Segmentation_Images/Lines/1/1_2.jpg,2396,3076,0.7789336801040312,235.30828431542818,60.12363814828732,1163.490199711554,0.062922653924725,0.07225862458236636
data/work/Sample_Small/Segmentation_Images/Lines/1/1_3/1_3_1.jpg,1983,122,16.25409836065574,228.35226474211123,67.11739783908574,699.3465536507722,0.0801278076767276,0.10777262468688772
data/work/Sample_Small/Segmentation_Images/Lines/1/1_3/1_3_10.jpg,2011,146,13.773972602739725,235.52127000129425,57.28923046756393,629.6239130595767,0.05491032199614449,0.07689216160432688
data/work/Sample_Small/Segmentation_Images/Lines/1/1_3/1_3_11.jpg,1961,105,18.676190476190477,226.03671596124425,67.81226147804594,958.3507880686009,0.0816735873339647,0.11334838882008694
data/work/Sample_Small/Segmentation_Images/Lines/1/1_3/1_3_12.jpg,1632,132,12.363636363636363,233.0842803030303,61.43516798857776,705.6041246510225,0.0648534982174688,0.08787785947712418
data/work/Sample_Small/Segmentation_Images/Lines/1/1_3/1_3_2.jpg,1939,127,15.26771653543307,230.13129992324966,65.1400098972113,706.9564613287314,0.07402143324142244,0.10015715544582197
data/work/Sample_Small/Segmentation_Images/Lines/1/1_3/1_3_3.jpg,1975,132,14.962121212121213,230.08782125047946,64.84702716866828,760.3440082374046,0.07364019946298428,0.09944764096662831
data/work/Sample_Small/Segmentation_Images/Lines/1/1_3/1_3_4.jpg,1931,115,16.791304347826088,228.130754508815,66.93174762759458,865.7370884700422,0.0790804494179632,0.10858532411681264
data/work/Sample_Small/Segmentation_Images/Lines/1/1_3/1_3_5.jpg,1934,157,12.318471337579618,236.86244804668718,56.406931077338754,610.1473742101113,0.0534122869996509,0.07280050586553725
data/work/Sample_Small/Segmentation_Images/Lines/1/1_3/1_3_6.jpg,2093,129,16.224806201550386,232.52784290195817,62.141534111037366,723.594356869462,0.06625999548143127,0.08926025103982636
data/work/Sample_Small/Segmentation_Images/Lines/1/1_3/1_3_7.jpg,2004,115,17.42608695652174,228.80591859758744,66.02697692259633,964.4056192695186,0.07642541004946629,0.1046819404668923
data/work/Sample_Small/Segmentation_Images/Lines/1/1_3/1_3_8.jpg,1815,143,12.692307692307692,235.63614016837158,58.00394974216146,675.8026830458906,0.05674931129476584,0.07839488335356104
data/work/Sample_Small/Segmentation_Images/Lines/1/1_3/1_3_9.jpg,1919,116,16.54310344827586,231.25012578390326,63.48055581364156,902.9384818902362,0.0700122190077447,0.09431097374710248
data/work/Sample_Small/Segmentation_Images/Lines/1/1_3.jpg,2284,2164,1.055452865064695,240.72190169660516,50.322526537507336,460.3448356306353,0.041152022750889417,0.05757908426698952
data/work/Sample_Small/Segmentation_Images/Lines/100/100_1/100_1_1.jpg,2011,174,11.557471264367816,235.1981601193436,60.155925631856476,1017.5420239248937,0.06253536583274748,0.08348337019953474
data/work/Sample_Small/Segmentation_Images/Lines/100/100_1/100_1_10.jpg,1982,319,6.213166144200627,240.84083080008477,51.94371152232209,734.9478545393778,0.04535964748567831,0.059344444831065796
data/work/Sample_Small/Segmentation_Images/Lines/100/100_1/100_1_11.jpg,1321,226,5.845132743362832,240.44164383378106,52.339219089957275,770.82784272622,0.045976164477166,0.06096547935661506
data/work/Sample_Small/Segmentation_Images/Lines/100/100_1/100_1_12.jpg,2088,333,6.27027027027027,239.92540097568832,53.13176459666236,765.0084991821213,0.04761802031916974,0.0633478305892099
data/work/Sample_Small/Segmentation_Images/Lines/100/100_1/100_1_13.jpg,1944,293,6.63481228668942,243.3205873678001,46.559424653445156,536.6575420139966,0.035614966502338516,0.049754912288093936
data/work/Sample_Small/Segmentation_Images/Lines/100/100_1/100_1_14.jpg,1189,237,5.0168776371308015,241.00508174440102,49.488086049216406,586.4167363990542,0.039805814906686825,0.060555088309503784
data/work/Sample_Small/Segmentation_Images/Lines/100/100_1/100_1_15.jpg,1925,303,6.353135313531353,241.18854399725686,48.33794547453343,527.6040158852351,0.03736830825939737,0.060966096609660965
data/work/Sample_Small/Segmentation_Images/Lines/100/100_1/100_1_16.jpg,2112,307,6.879478827361564,238.44760512289014,51.70662936341704,618.1091889393746,0.04290975718092982,0.0741011499358405
data/work/Sample_Small/Segmentation_Images/Lines/100/100_1/100_1_17.jpg,2133,304,7.016447368421052,243.13563796974856,43.9419141549811,448.7084546529157,0.029619142793693095,0.0548230192217534
data/work/Sample_Small/Segmentation_Images/Lines/100/100_1/100_1_2.jpg,2137,192,11.130208333333334,238.85691341054437,54.72142623223328,816.8072053261963,0.05044308610201217,0.06838344252066761
data/work/Sample_Small/Segmentation_Images/Lines/100/100_1/100_1_3.jpg,1063,152,6.993421052631579,236.82299970292618,58.23318275137979,977.662858271142,0.05799747487250582,0.07579714809130068
data/work/Sample_Small/Segmentation_Images/Lines/100/100_1/100_1_4.jpg,2211,223,9.914798206278027,241.52034365473895,50.73059838038093,733.3356148042486,0.04295278600880636,0.05679105491701703
data/work/Sample_Small/Segmentation_Images/Lines/100/100_1/100_1_5.jpg,2056,230,8.939130434782609,238.98766494670951,54.838590630609936,932.079696560848,0.05079512772796481,0.06745897479275927
data/work/Sample_Small/Segmentation_Images/Lines/100/100_1/100_1_6.jpg,2071,249,8.317269076305221,239.16617702097622,54.958646027636135,936.6532848725332,0.05105889516540328,0.06646382730341938
data/work/Sample_Small/Segmentation_Images/Lines/100/100_1/100_1_7.jpg,2115,266,7.951127819548872,239.36553262589098,54.49044028395338,890.4334497419178,0.050303062621091736,0.06546152615581508
data/work/Sample_Small/Segmentation_Images/Lines/100/100_1/100_1_8.jpg,2181,329,6.62917933130699,241.9294459333091,50.25829048031239,761.0197110984021,0.04241104091845992,0.054655500878685634
data/work/Sample_Small/Segmentation_Images/Lines/100/100_1/100_1_9.jpg,1984,300,6.613333333333333,240.31690860215053,53.18922767419798,842.9303753396771,0.04780577956989247,0.06116431451612903
data/work/Sample_Small/Segmentation_Images/Lines/100/100_1.jpg,2428,3752,0.6471215351812367,243.9733457916349,45.76354058060826,554.0738756829711,0.033902731283568036,0.047017537928151665
data/work/Sample_Small/Segmentation_Images/Lines/100/100_10/100_10_1.jpg,2119,168,12.613095238095237,236.20612260949684,57.99892855802469,946.5133080503234,0.05764736286208679,0.07876862401402279
data/work/Sample_Small/Segmentation_Images/Lines/100/100_10/100_10_10.jpg,2039,226,9.02212389380531,244.13760649633042,45.74339193187975,950.8856641388995,0.0349186439648101,0.04485323796586041
data/work/Sample_Small/Segmentation_Images/Lines/100/100_10/100_10_11.jpg,1942,190,10.221052631578948,241.7493332971977,50.41023534663744,1118.2608300603797,0.042937286573798035,0.05435524960702477
data/work/Sample_Small/Segmentation_Images/Lines/100/100_10/100_10_12.jpg,1429,242,5.904958677685951,244.61969012602003,44.828402207632614,902.8018924012805,0.03327183663082893,0.04240091608880972
data/work/Sample_Small/Segmentation_Images/Lines/100/100_10/100_10_13.jpg,1706,226,7.548672566371682,241.67825685503533,50.920193636713336,1246.2277010009977,0.04401695214184191,0.0539843758105178
data/work/Sample_Small/Segmentation_Images/Lines/100/100_10/100_10_14.jpg,1955,245,7.979591836734694,237.73660420690015,57.80243065464944,1546.3632197233335,0.05804060754736677,0.06983454251265724
data/work/Sample_Small/Segmentation_Images/Lines/100/100_10/100_10_15.jpg,1958,268,7.3059701492537314,239.9653049868126,54.12514564597118,1384.5052659158098,0.05026832131477444,0.06068864055615691
data/work/Sample_Small/Segmentation_Images/Lines/100/100_10/100_10_16.jpg,2113,275,7.683636363636364,244.02293163533108,46.64266424099401,988.6199438423896,0.03655121972206686,0.044481349223422104
data/work/Sample_Small/Segmentation_Images/Lines/100/100_10/100_10_17.jpg,1293,219,5.904109589041096,242.71513276617685,48.86580088768268,1064.1669014577244,0.040382530450229014,0.04979040636797367
data/work/Sample_Small/Segmentation_Images/Lines/100/100_10/100_10_2.jpg,2035,156,13.044871794871796,239.03722043722044,53.676401373382916,866.0857077843049,0.048843948843948846,0.06738171738171739
data/work/Sample_Small/Segmentation_Images/Lines/100/100_10/100_10_3.jpg,1955,158,12.373417721518987,239.07562886464436,53.9618856139488,1002.2228128662623,0.04930557803748908,0.06667422059632878
data/work/Sample_Small/Segmentation_Images/Lines/100/100_10/100_10_4.jpg,2094,174,12.03448275862069,239.61674845480795,53.17211822955141,987.21084508006,0.047631986299114054,0.06436836500565381
data/work/Sample_Small/Segmentation_Images/Lines/100/100_10/100_10_5.jpg,2033,177,11.485875706214689,239.48028990581952,53.3303585282742,998.8753401574982,0.048224076745006825,0.06488699175469166
data/work/Sample_Small/Segmentation_Images/Lines/100/100_10/100_10_6.jpg,2068,241,8.58091286307054,243.15388412241066,47.22727295731617,802.7459950181455,0.03717786142523496,0.049284894499867574
data/work/Sample_Small/Segmentation_Images/Lines/100/100_10/100_10_7.jpg,2172,260,8.353846153846154,243.5054256976909,46.41504743861288,813.9508913032328,0.03587441563960901,0.048250460405156535
data/work/Sample_Small/Segmentation_Images/Lines/100/100_10/100_10_8.jpg,2082,223,9.336322869955158,241.92185850962554,49.857600366911036,923.8465528703142,0.04206028180905735,0.05418858203779567
data/work/Sample_Small/Segmentation_Images/Lines/100/100_10/100_10_9.jpg,1916,215,8.911627906976744,241.25355634315676,51.0079407163115,1082.4182512008063,0.04406224207408846,0.05659319318347332
data/work/Sample_Small/Segmentation_Images/Lines/100/100_10.jpg,2292,3766,0.6086032926181625,244.74658304903153,44.30623893921756,754.0687757599708,0.03240658356805032,0.04194969410329771
data/work/Sample_Small/Segmentation_Images/Lines/100/100_11/100_11_1.jpg,2212,211,10.483412322274882,238.2797451213973,57.68000786152169,1028.3045987847233,0.05682918677099492,0.06727843816151453
data/work/Sample_Small/Segmentation_Images/Lines/100/100_11/100_11_10.jpg,2003,309,6.482200647249191,238.85056557558485,56.60473799497613,1435.588075382656,0.055001639934919626,0.06543259544340448
data/work/Sample_Small/Segmentation_Images/Lines/100/100_11/100_11_11.jpg,1866,297,6.282828282828283,239.69001194510304,55.42505786852563,1364.3562370752093,0.05249710394404928,0.061834854439356046
data/work/Sample_Small/Segmentation_Images/Lines/100/100_11/100_11_12.jpg,1773,257,6.898832684824903,241.2521304215195,52.620510830750916,1178.710420503193,0.04687475996409612,0.0556883297012472
data/work/Sample_Small/Segmentation_Images/Lines/100/100_11/100_11_13.jpg,557,155,3.5935483870967744,237.98181502287602,57.47391424723319,1262.5290744484719,0.0565819192679678,0.06927665489083222
data/work/Sample_Small/Segmentation_Images/Lines/100/100_11/100_11_14.jpg,1889,248,7.616935483870968,238.11852576034426,57.65099575732239,1247.4320868130599,0.05701514711658327,0.06855692549394628
data/work/Sample_Small/Segmentation_Images/Lines/100/100_11/100_11_15.jpg,1855,270,6.87037037037037,239.29907357492263,55.532091860970844,1125.3409903728702,0.05240091843865429,0.06397324548267945
data/work/Sample_Small/Segmentation_Images/Lines/100/100_11/100_11_16.jpg,2075,262,7.919847328244275,239.40095281890922,55.429142658004515,1104.9140439130106,0.05221741929550262,0.06330911431987492
data/work/Sample_Small/Segmentation_Images/Lines/100/100_11/100_11_17.jpg,1869,276,6.771739130434782,244.5930591419111,45.915305359126876,760.0968558889873,0.03496212033095277,0.042163910019308165
data/work/Sample_Small/Segmentation_Images/Lines/100/100_11/100_11_2.jpg,2115,162,13.055555555555555,231.2729124711788,67.27011192312048,1553.2312776828069,0.0801184951697166,0.09680413273793888
data/work/Sample_Small/Segmentation_Images/Lines/100/100_11/100_11_3.jpg,2088,173,12.06936416184971,238.8993754567803,56.60892671323399,1084.5027942388192,0.05467521537882311,0.06543585143844263
data/work/Sample_Small/Segmentation_Images/Lines/100/100_11/100_11_4.jpg,2085,215,9.69767441860465,240.56543416429648,53.88953099893528,1017.1204954681679,0.049099325191009985,0.05866934359489153
data/work/Sample_Small/Segmentation_Images/Lines/100/100_11/100_11_5.jpg,2054,230,8.930434782608696,240.41816815545488,53.954381622511086,1072.0974087584948,0.049195631006307944,0.059417467507726175
data/work/Sample_Small/Segmentation_Images/Lines/100/100_11/100_11_6.jpg,2066,245,8.43265306122449,242.10065985736017,51.00142878538246,1043.7926873823137,0.04379556275559594,0.05264041725112117
data/work/Sample_Small/Segmentation_Images/Lines/100/100_11/100_11_7.jpg,739,133,5.556390977443609,236.55077477184165,59.743740266130956,1362.5088250743963,0.06173756447953443,0.07587982133954643
data/work/Sample_Small/Segmentation_Images/Lines/100/100_11/100_11_8.jpg,2122,324,6.549382716049383,239.84219260888284,54.91291980271932,1285.6945554584634,0.05150190246797221,0.06183602704180775
data/work/Sample_Small/Segmentation_Images/Lines/100/100_11/100_11_9.jpg,2112,288,7.333333333333333,238.54266953388048,56.99727082860884,1459.0772635159415,0.05584326336279461,0.06685836226851852
data/work/Sample_Small/Segmentation_Images/Lines/100/100_11.jpg,2292,3700,0.6194594594594595,243.20452596575635,49.10773248988538,889.1702779590696,0.04004917220885807,0.04795151172114523
data/work/Sample_Small/Segmentation_Images/Lines/100/100_12/100_12_1.jpg,2297,147,15.625850340136054,235.45621470181456,59.15114958727989,919.686586478526,0.0607743315001229,0.08149345937765616
data/work/Sample_Small/Segmentation_Images/Lines/100/100_12/100_12_10.jpg,2249,266,8.454887218045112,244.79837989816693,43.84188120615999,594.9133193397239,0.03193064921084392,0.04257865651233464
data/work/Sample_Small/Segmentation_Images/Lines/100/100_12/100_12_11.jpg,2065,320,6.453125,241.36070823244552,50.120095314564416,728.5168429172267,0.042498486682808714,0.057298728813559324
data/work/Sample_Small/Segmentation_Images/Lines/100/100_12/100_12_12.jpg,2264,349,6.487106017191977,239.96139398787045,52.20315659622916,766.1914540134024,0.04629582755373758,0.0635169135439975
data/work/Sample_Small/Segmentation_Images/Lines/100/100_12/100_12_13.jpg,2335,349,6.69054441260745,244.73254388494504,43.389420884535156,495.1484657874413,0.030962738445113908,0.04333826227275237
data/work/Sample_Small/Segmentation_Images/Lines/100/100_12/100_12_14.jpg,1133,254,4.460629921259843,244.53580488008285,43.382368453666736,481.3012088537652,0.030404959309477314,0.04454413410150739
data/work/Sample_Small/Segmentation_Images/Lines/100/100_12/100_12_15.jpg,2224,366,6.076502732240437,241.58542182647324,48.65770577423847,549.2107803286709,0.03900813775209341,0.05729596650548414
data/work/Sample_Small/Segmentation_Images/Lines/100/100_12/100_12_16.jpg,2277,397,5.73551637279597,242.10265064399331,47.525133866565476,510.7755767555244,0.037072067736836106,0.055386855080207395
data/work/Sample_Small/Segmentation_Images/Lines/100/100_12/100_12_17.jpg,2237,300,7.456666666666667,244.58315005215317,42.993258387994416,442.6466760805951,0.030031291908806438,0.044605870958128443
data/work/Sample_Small/Segmentation_Images/Lines/100/100_12/100_12_2.jpg,2116,164,12.902439024390244,238.1246945456222,55.65812431470907,904.499037454017,0.05333636866614413,0.07003838351237955
data/work/Sample_Small/Segmentation_Images/Lines/100/100_12/100_12_3.jpg,2241,135,16.6,234.72854380484904,60.601774066012425,1155.8903696653576,0.06429999834729866,0.08434396020295172
data/work/Sample_Small/Segmentation_Images/Lines/100/100_12/100_12_4.jpg,2218,143,15.51048951048951,238.89866445547239,54.432063817638024,978.3848486918174,0.05038559276611576,0.06690334012245644
data/work/Sample_Small/Segmentation_Images/Lines/100/100_12/100_12_5.jpg,2281,144,15.840277777777779,237.81460068683327,56.292095996337714,1037.874150589167,0.05420685371912904,0.07096668128014029
data/work/Sample_Small/Segmentation_Images/Lines/100/100_12/100_12_6.jpg,2259,167,13.52694610778443,239.75193570362595,53.419036912148094,878.837056119212,0.04845819648882845,0.0630160661412898
data/work/Sample_Small/Segmentation_Images/Lines/100/100_12/100_12_7.jpg,2257,183,12.333333333333334,239.91015928586475,53.08150597547895,907.5808836203108,0.047911657962719505,0.062404516852245955
data/work/Sample_Small/Segmentation_Images/Lines/100/100_12/100_12_8.jpg,2317,228,10.162280701754385,241.2984557314737,50.41769579132515,848.655462040777,0.042858278627081296,0.057172765751236095
data/work/Sample_Small/Segmentation_Images/Lines/100/100_12/100_12_9.jpg,2258,250,9.032,242.8422710363153,47.709298266273905,770.0132759805812,0.038182462356067315,0.05083968113374668
data/work/Sample_Small/Segmentation_Images/Lines/100/100_12.jpg,2448,3946,0.6203750633552965,244.37218120691426,44.216103682018286,546.6062742207487,0.03196512808536153,0.0437736443622896
data/work/Sample_Small/Segmentation_Images/Lines/100/100_13/100_13_1.jpg,548,131,4.183206106870229,234.59298211400235,57.14623262442347,870.6861869753075,0.054410207834178416,0.08984788544046358
data/work/Sample_Small/Segmentation_Images/Lines/100/100_13/100_13_10.jpg,2190,266,8.233082706766917,242.22877227314862,47.555995489747204,765.6432299962438,0.037422322930614205,0.054650324441240086
data/work/Sample_Small/Segmentation_Images/Lines/100/100_13/100_13_11.jpg,2246,289,7.771626297577854,244.26597380348608,44.26366543014473,638.6978890193125,0.032255728754232826,0.045161409595528536
data/work/Sample_Small/Segmentation_Images/Lines/100/100_13/100_13_12.jpg,1070,169,6.331360946745562,238.766465741304,54.33898751917498,960.9791638403559,0.0504783498313333,0.06756069236299286
data/work/Sample_Small/Segmentation_Images/Lines/100/100_13/100_13_2.jpg,1979,125,15.832,239.96118039413847,47.72526700314811,735.7194419691306,0.034607377463365334,0.06765841334007074
data/work/Sample_Small/Segmentation_Images/Lines/100/100_13/100_13_3.jpg,1927,117,16.47008547008547,236.32168154742104,53.98606636503045,1009.2743023846548,0.04656278968681667,0.08213466750052116
data/work/Sample_Small/Segmentation_Images/Lines/100/100_13/100_13_4.jpg,1370,136,10.073529411764707,242.3146468441391,46.32737472058287,726.7310566205254,0.034140188922284244,0.05558716187204809
data/work/Sample_Small/Segmentation_Images/Lines/100/100_13/100_13_5.jpg,2068,164,12.609756097560975,244.74001922441855,41.68230019741276,586.4421915678892,0.026890597726093316,0.04478228051139312
data/work/Sample_Small/Segmentation_Images/Lines/100/100_13/100_13_6.jpg,2069,175,11.822857142857142,243.4501553545536,44.008221698914056,655.1456267664787,0.03025340053856245,0.050815438790305874
data/work/Sample_Small/Segmentation_Images/Lines/100/100_13/100_13_7.jpg,2070,197,10.50761421319797,243.9039260403639,43.77185652517198,645.2494006849037,0.03064812771279335,0.048186566615169575
data/work/Sample_Small/Segmentation_Images/Lines/100/100_13/100_13_8.jpg,2056,203,10.12807881773399,244.35428446838282,43.05511176640087,650.2994439998516,0.030181997661536102,0.04596183703590117
data/work/Sample_Small/Segmentation_Images/Lines/100/100_13/100_13_9.jpg,1304,189,6.8994708994708995,241.160783263544,49.753580817641826,873.4498841452203,0.04149625085207907,0.058249748433797516
data/work/Sample_Small/Segmentation_Images/Lines/100/100_13.jpg,2348,2526,0.9295328582739509,247.37274609816006,36.63027390154102,430.4052035395729,0.020798685156484992,0.032739239338477784
data/work/Sample_Small/Segmentation_Images/Lines/100/100_2/100_2_1.jpg,2039,150,13.593333333333334,237.91151544874938,53.28077614146598,882.9890387781564,0.04657184894556155,0.07279058361942128
data/work/Sample_Small/Segmentation_Images/Lines/100/100_2/100_2_10.jpg,1940,286,6.783216783216783,239.09403251387786,53.93032271124051,1053.9643523554482,0.0496197101867205,0.06595414894383966
data/work/Sample_Small/Segmentation_Images/Lines/100/100_2/100_2_11.jpg,2118,327,6.477064220183486,238.49459994859845,54.93331609296099,1082.4808196851823,0.05175963707034217,0.0686051984879856
data/work/Sample_Small/Segmentation_Images/Lines/100/100_2/100_2_12.jpg,1969,339,5.808259587020649,240.26350467646753,52.25230803907212,971.1016882600193,0.04635268490511483,0.06096112157317477
data/work/Sample_Small/Segmentation_Images/Lines/100/100_2/100_2_13.jpg,2147,360,5.963888888888889,242.96386689437458,47.47792570962035,783.2520199839302,0.03764555193292967,0.049887439838534386
data/work/Sample_Small/Segmentation_Images/Lines/100/100_2/100_2_14.jpg,1683,357,4.714285714285714,243.52527749067542,45.8530271676917,638.0089525900027,0.0347718410002147,0.048447899658972324
data/work/Sample_Small/Segmentation_Images/Lines/100/100_2/100_2_15.jpg,1125,263,4.277566539923955,242.5281926489227,47.306293266481404,597.5647498530394,0.03700549218419941,0.05275876637093367
data/work/Sample_Small/Segmentation_Images/Lines/100/100_2/100_2_16.jpg,2295,471,4.872611464968153,242.05246335382466,48.72271140170194,687.9349428618757,0.039641239841065,0.05408693319271563
data/work/Sample_Small/Segmentation_Images/Lines/100/100_2/100_2_17.jpg,2200,463,4.751619870410368,245.48383663852346,41.87565283432392,460.328302068345,0.02869035931670921,0.040047123502847046
data/work/Sample_Small/Segmentation_Images/Lines/100/100_2/100_2_2.jpg,2118,124,17.080645161290324,232.78989993603216,59.34394061592945,1194.3306555505776,0.05930731974778397,0.09621066739772761
data/work/Sample_Small/Segmentation_Images/Lines/100/100_2/100_2_3.jpg,2090,148,14.121621621621621,237.69845467477046,54.034975922857164,1055.0809832682019,0.04782425966636493,0.07467994310099574
data/work/Sample_Small/Segmentation_Images/Lines/100/100_2/100_2_4.jpg,2081,152,13.69078947368421,236.10932244113408,55.83375935691552,1159.4962138611356,0.05129429171198058,0.08121095627102355
data/work/Sample_Small/Segmentation_Images/Lines/100/100_2/100_2_5.jpg,1026,127,8.078740157480315,235.87545855013738,55.425046292121365,950.3328330683883,0.050221792451382176,0.08472625132384767
data/work/Sample_Small/Segmentation_Images/Lines/100/100_2/100_2_6.jpg,2127,203,10.47783251231527,241.46077757011076,49.09346188154681,896.7911277890648,0.040057343884978724,0.0574179966232882
data/work/Sample_Small/Segmentation_Images/Lines/100/100_2/100_2_7.jpg,2152,206,10.446601941747574,242.33312430071823,48.037348613138846,834.4497046092993,0.03830033926444581,0.05305518461038727
data/work/Sample_Small/Segmentation_Images/Lines/100/100_2/100_2_8.jpg,1989,197,10.096446700507615,240.98256400047978,50.57372803251235,904.5900042046925,0.0427784285652306,0.058877123672585005
data/work/Sample_Small/Segmentation_Images/Lines/100/100_2/100_2_9.jpg,2053,299,6.866220735785953,242.24470267020936,48.52889294169219,873.0157744911623,0.03935182545487719,0.05317611717577833
data/work/Sample_Small/Segmentation_Images/Lines/100/100_2.jpg,2448,3594,0.6811352253756261,242.72118245369006,47.50150460232938,623.1325574315522,0.037306867655242396,0.05234247984112955
data/work/Sample_Small/Segmentation_Images/Lines/100/100_3/100_3_1.jpg,2151,297,7.242424242424242,242.6251856860876,46.797904879407376,544.0623496156657,0.03591157194132554,0.05224568636934978
data/work/Sample_Small/Segmentation_Images/Lines/100/100_3/100_3_10.jpg,2159,403,5.357320099255583,239.9565900489267,53.540896562257245,1096.9150800013447,0.048985319690096396,0.06153938099731403
data/work/Sample_Small/Segmentation_Images/Lines/100/100_3/100_3_11.jpg,2167,423,5.122931442080378,240.30914283781763,53.052666312485705,1094.3327096635571,0.048043890683484594,0.05987622198876114
data/work/Sample_Small/Segmentation_Images/Lines/100/100_3/100_3_12.jpg,2000,418,4.784688995215311,239.95784210526315,53.7459442799144,1127.1406708361988,0.04944736842105263,0.06129545454545455
data/work/Sample_Small/Segmentation_Images/Lines/100/100_3/100_3_13.jpg,2226,441,5.0476190476190474,240.21029250274535,53.4150694572257,1087.704506236377,0.048796637552894775,0.06010190838839279
data/work/Sample_Small/Segmentation_Images/Lines/100/100_3/100_3_14.jpg,2206,504,4.376984126984127,240.82494891277756,52.264895621289924,1037.983576042041,0.04651545568363338,0.05784908402768783
data/work/Sample_Small/Segmentation_Images/Lines/100/100_3/100_3_15.jpg,2064,507,4.071005917159764,241.5109618442579,50.91775901291673,956.1156079225833,0.04385980000917389,0.0549210280873966
data/work/Sample_Small/Segmentation_Images/Lines/100/100_3/100_3_16.jpg,2192,483,4.538302277432712,240.880823925889,51.80199972527425,950.0028851692103,0.045520318568557226,0.057870895105106464
data/work/Sample_Small/Segmentation_Images/Lines/100/100_3/100_3_17.jpg,2349,493,4.764705882352941,244.8483606592767,43.7686366477748,605.3868332113437,0.03180758805481941,0.04163180223425963
data/work/Sample_Small/Segmentation_Images/Lines/100/100_3/100_3_2.jpg,2212,263,8.4106463878327,242.8408043922194,46.25572281560799,573.8837788376752,0.034504156381713294,0.05239825631364352
data/work/Sample_Small/Segmentation_Images/Lines/100/100_3/100_3_3.jpg,2132,263,8.106463878326997,244.52640017406316,43.70780099423478,590.6082591279351,0.03084984198774424,0.044323686144144274
data/work/Sample_Small/Segmentation_Images/Lines/100/100_3/100_3_4.jpg,2211,281,7.868327402135232,243.31807961164736,46.35169860606863,699.3382749305173,0.03529425019837725,0.049389094643250905
data/work/Sample_Small/Segmentation_Images/Lines/100/100_3/100_3_5.jpg,2251,308,7.308441558441558,239.742058363671,52.84773625480439,944.0148237977536,0.04725749594696729,0.06388646892867239
data/work/Sample_Small/Segmentation_Images/Lines/100/100_3/100_3_6.jpg,2262,308,7.3441558441558445,239.23606422313318,54.01683721225025,960.8296675308382,0.04977493770597219,0.06583646238818652
data/work/Sample_Small/Segmentation_Images/Lines/100/100_3/100_3_7.jpg,2192,356,6.157303370786517,242.65602702370214,48.368020518829965,796.887906055192,0.039186162142212745,0.05157287993110801
data/work/Sample_Small/Segmentation_Images/Lines/100/100_3/100_3_8.jpg,697,178,3.9157303370786516,241.7577337868554,50.442294973049584,930.1050609530228,0.04356552157722503,0.054591910757177634
data/work/Sample_Small/Segmentation_Images/Lines/100/100_3/100_3_9.jpg,2222,426,5.215962441314554,242.56026060352514,48.80674507818479,868.3729687533829,0.040158593324121146,0.05136957357707602
data/work/Sample_Small/Segmentation_Images/Lines/100/100_3.jpg,2440,3830,0.6370757180156658,243.65712408509182,45.714075855912846,698.2650723220406,0.0343727261053803,0.04538169327569233
data/work/Sample_Small/Segmentation_Images/Lines/100/100_4/100_4_1.jpg,1969,117,16.82905982905983,233.95255086316538,59.10314042061145,1053.0846660604695,0.06014159645444562,0.09129976169082314
data/work/Sample_Small/Segmentation_Images/Lines/100/100_4/100_4_10.jpg,991,149,6.651006711409396,237.72329488889943,56.40470970055798,1512.4208589416655,0.05506606437806026,0.07167189267162855
data/work/Sample_Small/Segmentation_Images/Lines/100/100_4/100_4_11.jpg,2062,241,8.556016597510373,241.2192267910541,51.19945198322117,1133.2552664409764,0.04456455682956965,0.05651766202091995
data/work/Sample_Small/Segmentation_Images/Lines/100/100_4/100_4_12.jpg,693,148,4.6824324324324325,239.0533033033033,54.887760859566775,1469.7978281174726,0.05186030186030186,0.064993564993565
data/work/Sample_Small/Segmentation_Images/Lines/100/100_4/100_4_13.jpg,2180,265,8.226415094339623,237.89769603600485,56.67713605120351,1505.8267620531435,0.05557555824822572,0.06995845594599273
data/work/Sample_Small/Segmentation_Images/Lines/100/100_4/100_4_14.jpg,2086,304,6.8618421052631575,237.08156191653632,58.074862951541505,1570.4018591748838,0.05873271685926225,0.07314269314225161
data/work/Sample_Small/Segmentation_Images/Lines/100/100_4/100_4_15.jpg,2251,297,7.579124579124579,238.91901092967285,55.40435559379747,1393.012647765541,0.053004500805478146,0.06523251170074804
data/work/Sample_Small/Segmentation_Images/Lines/100/100_4/100_4_16.jpg,2231,318,7.015723270440252,239.36022569341665,55.0127868921321,1355.8502235130798,0.05229344090841177,0.06353723546707486
data/work/Sample_Small/Segmentation_Images/Lines/100/100_4/100_4_17.jpg,2259,293,7.709897610921502,243.5957406626811,47.58211536668068,1034.5498420983633,0.03823915562626249,0.04623901058639919
data/work/Sample_Small/Segmentation_Images/Lines/100/100_4/100_4_18.jpg,2149,225,9.551111111111112,240.00650845354428,54.05486577133934,1126.5203843700294,0.0503800217155266,0.06070627165089706
data/work/Sample_Small/Segmentation_Images/Lines/100/100_4/100_4_19.jpg,2103,155,13.567741935483872,236.68813829705644,58.75201310617726,1319.6330442524497,0.06043286855950792,0.07442516834629485
data/work/Sample_Small/Segmentation_Images/Lines/100/100_4/100_4_2.jpg,2131,145,14.696551724137931,238.77429084613019,52.54798884934125,856.5680286087096,0.04596838136539426,0.07080697098658555
data/work/Sample_Small/Segmentation_Images/Lines/100/100_4/100_4_3.jpg,333,110,3.0272727272727273,232.9012831012831,61.058459619606715,1250.6454401456776,0.06595686595686595,0.09464919464919465
data/work/Sample_Small/Segmentation_Images/Lines/100/100_4/100_4_4.jpg,1351,179,7.5474860335195535,237.66896443354602,55.57386429319838,1191.670313823469,0.05282244892051822,0.07321289010002936
data/work/Sample_Small/Segmentation_Images/Lines/100/100_4/100_4_5.jpg,2228,231,9.645021645021645,239.68178515081567,53.021209346876944,1129.9669556165668,0.0479726736459232,0.06426667288426714
data/work/Sample_Small/Segmentation_Images/Lines/100/100_4/100_4_6.jpg,2048,221,9.266968325791856,236.34095287754525,58.02209813235909,1387.3891314274974,0.058503163885746605,0.07762346224547512
data/work/Sample_Small/Segmentation_Images/Lines/100/100_4/100_4_7.jpg,2028,213,9.52112676056338,239.66144169421526,53.29795998701733,1144.5349726418024,0.0483072663462696,0.06377151799687011
data/work/Sample_Small/Segmentation_Images/Lines/100/100_4/100_4_8.jpg,2276,276,8.246376811594203,240.4945715850335,51.878367778662216,1119.9219211445748,0.04559390998701001,0.06052443901072311
data/work/Sample_Small/Segmentation_Images/Lines/100/100_4/100_4_9.jpg,1972,222,8.882882882882884,243.31060066151343,47.0313236718813,886.1282015117848,0.0371758675511211,0.04861301463735541
data/work/Sample_Small/Segmentation_Images/Lines/100/100_4.jpg,2408,3458,0.6963562753036437,243.37974404289537,47.04533482582799,877.9000086770653,0.03680821495343265,0.047887415958757104
data/work/Sample_Small/Segmentation_Images/Lines/100/100_5/100_5_1.jpg,1004,185,5.427027027027027,239.68482825454936,51.79866618860986,652.4898024453078,0.04483686874125121,0.0651502099709271
data/work/Sample_Small/Segmentation_Images/Lines/100/100_5/100_5_10.jpg,2092,400,5.23,239.20490559273424,54.1303238571302,1020.6746438744556,0.05026051625239006,0.06544694072657743
data/work/Sample_Small/Segmentation_Images/Lines/100/100_5/100_5_11.jpg,2162,400,5.405,239.05293362627197,54.48403391149513,1036.8818868283086,0.05095050878815911,0.06584296947271046
data/work/Sample_Small/Segmentation_Images/Lines/100/100_5/100_5_12.jpg,2134,407,5.243243243243243,237.7992097064262,56.398530433993706,1153.2600507032105,0.054973990775302864,0.071025101952937
data/work/Sample_Small/Segmentation_Images/Lines/100/100_5/100_5_13.jpg,2241,433,5.175519630484988,238.20381448812958,55.848562767763134,1120.0622076893428,0.053694892477273735,0.0692758202427364
data/work/Sample_Small/Segmentation_Images/Lines/100/100_5/100_5_14.jpg,2262,463,4.885529157667387,238.25705667684517,55.65974510522253,1081.0207050285023,0.0532499575100305,0.06894451096432179
data/work/Sample_Small/Segmentation_Images/Lines/100/100_5/100_5_15.jpg,2293,432,5.30787037037037,240.76922820661918,51.49027724282582,894.1509638500124,0.04480827316631939,0.05879609439356496
data/work/Sample_Small/Segmentation_Images/Lines/100/100_5/100_5_16.jpg,2267,481,4.713097713097713,240.9606346871455,50.99392544143036,854.3228902258296,0.04383787268657141,0.0581102632271578
data/work/Sample_Small/Segmentation_Images/Lines/100/100_5/100_5_17.jpg,2185,463,4.719222462203024,243.67702329351408,45.90855823439812,643.7362007528574,0.03492692666966506,0.047101037408998125
data/work/Sample_Small/Segmentation_Images/Lines/100/100_5/100_5_18.jpg,1878,395,4.754430379746835,246.4340073603753,40.137556106064245,465.355002148399,0.026268181879457005,0.035730173494560605
data/work/Sample_Small/Segmentation_Images/Lines/100/100_5/100_5_19.jpg,1168,247,4.728744939271255,244.65012339859132,43.824659715324245,564.267092067068,0.031598358382785206,0.04322416948588542
data/work/Sample_Small/Segmentation_Images/Lines/100/100_5/100_5_2.jpg,1244,189,6.582010582010582,238.78069548648327,53.424292754471686,794.0561718404058,0.04845693189744637,0.06921264397148641
data/work/Sample_Small/Segmentation_Images/Lines/100/100_5/100_5_3.jpg,2174,284,7.654929577464789,236.83459288389028,56.934780311229666,969.5576441553866,0.05579382458504477,0.07651729142101922
data/work/Sample_Small/Segmentation_Images/Lines/100/100_5/100_5_4.jpg,2192,271,8.088560885608857,233.64034765803862,61.29135186140836,1217.5830098854374,0.06573719934279634,0.08965173593341773
data/work/Sample_Small/Segmentation_Images/Lines/100/100_5/100_5_5.jpg,2215,308,7.191558441558442,237.01514467473837,56.93361815282266,1074.6199118540499,0.055744481252381926,0.07544926856439271
data/work/Sample_Small/Segmentation_Images/Lines/100/100_5/100_5_6.jpg,2271,337,6.738872403560831,238.4283920467983,54.9519326809519,1022.5289739097929,0.05164720439759737,0.06942522607983254
data/work/Sample_Small/Segmentation_Images/Lines/100/100_5/100_5_7.jpg,2261,333,6.78978978978979,238.0309677213702,55.3654283916254,1059.002036321837,0.05242172734432796,0.07129774622034683
data/work/Sample_Small/Segmentation_Images/Lines/100/100_5/100_5_8.jpg,2237,378,5.917989417989418,239.74900956259918,52.6415620972914,991.1364846886386,0.047079776628279085,0.06438257019392468
data/work/Sample_Small/Segmentation_Images/Lines/100/100_5/100_5_9.jpg,2066,363,5.691460055096419,239.13201272604599,53.956985919995105,1044.7288717491617,0.0498787932124199,0.06612770315137648
data/work/Sample_Small/Segmentation_Images/Lines/100/100_5.jpg,2448,3878,0.631253223310985,243.44781691256526,46.50770928897373,688.3384020705089,0.03590757903642805,0.04794074669579023
data/work/Sample_Small/Segmentation_Images/Lines/100/100_6/100_6_1.jpg,2093,144,14.534722222222221,213.3609717577109,59.21855909265566,1036.7911528855723,0.05925505653766523,0.12798282635239158
data/work/Sample_Small/Segmentation_Images/Lines/100/100_6/100_6_10.jpg,1934,359,5.387186629526463,238.0240355117196,55.09675117890498,1067.688481027607,0.05223921440978473,0.07054958476521879
data/work/Sample_Small/Segmentation_Images/Lines/100/100_6/100_6_11.jpg,1936,334,5.796407185628743,238.5779541124363,54.24355093095283,1031.701247408734,0.05040796506161231,0.0679297396941654
data/work/Sample_Small/Segmentation_Images/Lines/100/100_6/100_6_12.jpg,1900,321,5.919003115264798,238.66802590588622,54.02566717174052,1014.6513430666803,0.04985571405148385,0.06754385964912281
data/work/Sample_Small/Segmentation_Images/Lines/100/100_6/100_6_13.jpg,1942,331,5.867069486404834,240.73497748918018,50.667229446047294,896.6556357974438,0.04325126555300077,0.05924063708575891
data/work/Sample_Small/Segmentation_Images/Lines/100/100_6/100_6_14.jpg,1700,320,5.3125,240.59806985294117,50.18922030187186,838.7042527627596,0.04213419117647059,0.05927941176470588
data/work/Sample_Small/Segmentation_Images/Lines/100/100_6/100_6_15.jpg,2000,356,5.617977528089888,240.87543258426967,48.74753978042719,736.5995326254398,0.039088483146067415,0.058747191011235954
data/work/Sample_Small/Segmentation_Images/Lines/100/100_6/100_6_16.jpg,1941,352,5.514204545454546,239.90396234368413,49.935658252364966,749.5565692511093,0.04062748817385602,0.06440564844737952
data/work/Sample_Small/Segmentation_Images/Lines/100/100_6/100_6_17.jpg,2004,362,5.535911602209945,240.70096685082873,48.6761984752634,718.8716530533978,0.0383445815551218,0.06194517043261543
data/work/Sample_Small/Segmentation_Images/Lines/100/100_6/100_6_18.jpg,1983,359,5.523676880222841,241.5527133840991,47.47800446786956,722.0382219019563,0.03686066945077729,0.057697953496081596
data/work/Sample_Small/Segmentation_Images/Lines/100/100_6/100_6_19.jpg,1903,318,5.984276729559748,244.4065180102916,43.03315544462501,592.8960707153437,0.030240236369585262,0.04483652095169163
data/work/Sample_Small/Segmentation_Images/Lines/100/100_6/100_6_2.jpg,626,103,6.077669902912621,238.1849468035609,52.87494684212268,978.9388783749562,0.04562796612798164,0.0731102081330066
data/work/Sample_Small/Segmentation_Images/Lines/100/100_6/100_6_3.jpg,1293,176,7.346590909090909,243.0426158335091,44.34023850860915,744.5753720015022,0.03145433452858047,0.052735885537509665
data/work/Sample_Small/Segmentation_Images/Lines/100/100_6/100_6_4.jpg,2000,270,7.407407407407407,241.32555,47.45445524661574,833.2777692022498,0.03682037037037037,0.059953703703703703
data/work/Sample_Small/Segmentation_Images/Lines/100/100_6/100_6_5.jpg,1989,234,8.5,240.05019917237112,49.66048115216775,873.2755298038492,0.040560690636105415,0.06605561356692578
data/work/Sample_Small/Segmentation_Images/Lines/100/100_6/100_6_6.jpg,1854,253,7.32806324110672,239.97237252218258,50.23982340819104,894.7577134932757,0.04165760603075926,0.0654860125100733
data/work/Sample_Small/Segmentation_Images/Lines/100/100_6/100_6_7.jpg,1838,259,7.096525096525096,240.40198763974607,50.051518184637246,971.8801664202794,0.04153415034807853,0.06264783359451477
data/work/Sample_Small/Segmentation_Images/Lines/100/100_6/100_6_8.jpg,1852,282,6.567375886524823,239.24804505001302,52.60481188234669,1020.3964348525592,0.046710092979795656,0.06666934730327957
data/work/Sample_Small/Segmentation_Images/Lines/100/100_6/100_6_9.jpg,1869,280,6.675,237.1842964151953,56.083190829699475,1114.2309992436556,0.0541408698310785,0.07469999235649316
data/work/Sample_Small/Segmentation_Images/Lines/100/100_6.jpg,2236,3326,0.672279013830427,240.39411028950633,47.3747844360238,687.3482895798932,0.033919345278754585,0.0627684573324283
data/work/Sample_Small/Segmentation_Images/Lines/100/100_7/100_7_1.jpg,705,185,3.810810810810811,243.0121295763849,44.64812687403859,480.6479312538383,0.03171937895342151,0.05326432815794518
data/work/Sample_Small/Segmentation_Images/Lines/100/100_7/100_7_10.jpg,2023,277,7.303249097472924,239.9159431876382,53.331268643802204,1066.8934594174307,0.04857317741282115,0.06214454352562856
data/work/Sample_Small/Segmentation_Images/Lines/100/100_7/100_7_11.jpg,2100,292,7.191780821917808,239.64221135029354,53.90969725014022,1117.1498690897984,0.049688519243313765,0.06325505544683627
data/work/Sample_Small/Segmentation_Images/Lines/100/100_7/100_7_12.jpg,2277,342,6.657894736842105,240.023959400771,53.514930342295045,1096.6904597037658,0.04898977057634571,0.06152421751201309
data/work/Sample_Small/Segmentation_Images/Lines/100/100_7/100_7_13.jpg,2250,300,7.5,239.4538562962963,54.572417409069566,1159.779898251358,0.051183703703703703,0.06359111111111111
data/work/Sample_Small/Segmentation_Images/Lines/100/100_7/100_7_14.jpg,2338,351,6.660968660968661,239.70537191794676,54.07518204685579,1128.266939709089,0.05019143641898133,0.0626719698575986
data/work/Sample_Small/Segmentation_Images/Lines/100/100_7/100_7_15.jpg,2352,397,5.924433249370277,240.35974742541853,53.2614297952192,1068.1966748092761,0.048565773916619544,0.05969302078514025
data/work/Sample_Small/Segmentation_Images/Lines/100/100_7/100_7_16.jpg,2335,373,6.2600536193029495,242.75502637908963,49.189346279317114,882.5335851290054,0.04097800690047132,0.04975917240270737
data/work/Sample_Small/Segmentation_Images/Lines/100/100_7/100_7_17.jpg,1592,300,5.306666666666667,241.99786222780568,50.381543966001125,898.5987788671118,0.04310301507537689,0.052608877721943045
data/work/Sample_Small/Segmentation_Images/Lines/100/100_7/100_7_18.jpg,2369,419,5.6539379474940334,240.3462897348508,53.27714372420791,972.5527701882952,0.048507421336253576,0.05942307711681615
data/work/Sample_Small/Segmentation_Images/Lines/100/100_7/100_7_19.jpg,2358,353,6.6798866855524075,242.70640841737008,48.84132795077584,737.9433578540276,0.040311206260647256,0.05014933191089582
data/work/Sample_Small/Segmentation_Images/Lines/100/100_7/100_7_2.jpg,2204,231,9.541125541125542,242.407666894509,47.11873083350561,611.7412731101044,0.03618961196093683,0.053969170575341174
data/work/Sample_Small/Segmentation_Images/Lines/100/100_7/100_7_3.jpg,2158,227,9.506607929515418,242.66604744971073,47.31685566264051,667.5662852024556,0.036857018041668535,0.05202647254555327
data/work/Sample_Small/Segmentation_Images/Lines/100/100_7/100_7_4.jpg,2099,240,8.745833333333334,240.77167103382564,50.954646737399386,845.2770495945723,0.04347506749245673,0.059980943306336354
data/work/Sample_Small/Segmentation_Images/Lines/100/100_7/100_7_5.jpg,2050,269,7.620817843866171,240.48907063197026,51.68662129933984,908.1410726116866,0.0451174177169281,0.06091032731888657
data/work/Sample_Small/Segmentation_Images/Lines/100/100_7/100_7_6.jpg,2069,274,7.5510948905109485,243.60859119501293,46.45941378661737,737.128456627507,0.0360289007348661,0.04731295840933065
data/work/Sample_Small/Segmentation_Images/Lines/100/100_7/100_7_7.jpg,355,157,2.261146496815287,239.00807392123443,54.47976693447147,1028.8090427917825,0.05115277653180228,0.06570377680093299
data/work/Sample_Small/Segmentation_Images/Lines/100/100_7/100_7_8.jpg,2127,260,8.180769230769231,242.9062909117211,47.74789425662425,802.198111172505,0.03818125926729594,0.05039239087193953
data/work/Sample_Small/Segmentation_Images/Lines/100/100_7/100_7_9.jpg,419,106,3.952830188679245,229.97255369928402,67.08115818721713,1637.249013271495,0.0812356464177962,0.10251272121403161
data/work/Sample_Small/Segmentation_Images/Lines/100/100_7.jpg,2448,3938,0.6216353478923311,244.922737583691,44.130865089756334,659.5707386040864,0.0321656426240718,0.04152911799559844
data/work/Sample_Small/Segmentation_Images/Lines/100/100_8/100_8_1.jpg,977,171,5.713450292397661,238.82832636008308,52.78500229549546,646.1112487688213,0.04674172637325145,0.06884064477125944
data/work/Sample_Small/Segmentation_Images/Lines/100/100_8/100_8_10.jpg,1016,173,5.872832369942197,241.84441991716352,48.96758417244129,820.9030203739557,0.0399788357380183,0.055277411132856946
data/work/Sample_Small/Segmentation_Images/Lines/100/100_8/100_8_11.jpg,1040,184,5.6521739130434785,242.28435409698997,48.44435492847942,798.4634981066861,0.0393185618729097,0.052931647157190634
data/work/Sample_Small/Segmentation_Images/Lines/100/100_8/100_8_12.jpg,1679,238,7.054621848739496,242.57753214448377,47.57221327514903,796.747166459541,0.037667479141746035,0.05238962767954115
data/work/Sample_Small/Segmentation_Images/Lines/100/100_8/100_8_13.jpg,2157,280,7.703571428571428,240.22361414663223,51.8298034764195,950.222761312062,0.0454285051990198,0.0620074177097821
data/work/Sample_Small/Segmentation_Images/Lines/100/100_8/100_8_14.jpg,2043,259,7.888030888030888,239.33371697688878,53.57602051143693,1032.3130194181924,0.048654696231788745,0.06490946579052306
data/work/Sample_Small/Segmentation_Images/Lines/100/100_8/100_8_15.jpg,1922,238,8.07563025210084,239.205560996511,53.627159983662786,1002.4900645744223,0.04879589713096477,0.06600704798048251
data/work/Sample_Small/Segmentation_Images/Lines/100/100_8/100_8_16.jpg,1900,263,7.224334600760456,239.34884130478287,53.43923129708365,923.1733993755269,0.048511106663998396,0.0652171302781669
data/work/Sample_Small/Segmentation_Images/Lines/100/100_8/100_8_17.jpg,2179,287,7.592334494773519,240.2065503307626,51.870792747640245,873.7059067323672,0.045284973927560035,0.06166080083406223
data/work/Sample_Small/Segmentation_Images/Lines/100/100_8/100_8_18.jpg,2116,252,8.396825396825397,243.07640576709574,46.64562136928396,712.6317830657167,0.03592245026555045,0.050227668256968824
data/work/Sample_Small/Segmentation_Images/Lines/100/100_8/100_8_2.jpg,817,130,6.2846153846153845,229.46962621222107,64.98293464928165,1107.5938212353228,0.07549194991055456,0.10917051125129461
data/work/Sample_Small/Segmentation_Images/Lines/100/100_8/100_8_3.jpg,1951,213,9.15962441314554,240.0939544665911,50.61270831430137,726.2746027794144,0.042523035015148127,0.06482771565322226
data/work/Sample_Small/Segmentation_Images/Lines/100/100_8/100_8_4.jpg,1944,206,9.436893203883495,240.1196611930161,51.127111604329016,778.1409759176738,0.04357695073714491,0.06374605457669104
data/work/Sample_Small/Segmentation_Images/Lines/100/100_8/100_8_5.jpg,1929,170,11.347058823529412,239.714158509438,51.531126763044625,833.5849053003175,0.044189308693928585,0.06604458268532919
data/work/Sample_Small/Segmentation_Images/Lines/100/100_8/100_8_6.jpg,1884,200,9.42,242.43470541401274,46.967208474223824,722.5393786934955,0.0363083864118896,0.054256900212314225
data/work/Sample_Small/Segmentation_Images/Lines/100/100_8/100_8_7.jpg,873,121,7.214876033057851,235.40045251010574,58.16163458244194,1125.1281213024463,0.05790804010110477,0.08383743716452245
data/work/Sample_Small/Segmentation_Images/Lines/100/100_8/100_8_8.jpg,2129,217,9.811059907834101,241.6417088570606,48.55244217381359,817.2989112109971,0.03894214847411108,0.05694675027543707
data/work/Sample_Small/Segmentation_Images/Lines/100/100_8/100_8_9.jpg,2128,284,7.492957746478873,242.99715066716087,46.530615189447175,722.3755288724,0.03564644445621095,0.05096202213279678
data/work/Sample_Small/Segmentation_Images/Lines/100/100_8.jpg,2300,3734,0.6159614354579539,244.88962040939893,42.554816614306006,567.6628125430018,0.02921322279406628,0.041996343820591045
data/work/Sample_Small/Segmentation_Images/Lines/100/100_9/100_9_1.jpg,2079,144,14.4375,237.00326345465234,55.72115074533201,1071.4663331426295,0.05294679600235156,0.0764456736678959
data/work/Sample_Small/Segmentation_Images/Lines/100/100_9/100_9_10.jpg,2034,246,8.268292682926829,241.37619013358275,50.11764905729032,987.3712527523345,0.04238514361544796,0.056924558921105435
data/work/Sample_Small/Segmentation_Images/Lines/100/100_9/100_9_11.jpg,2010,263,7.642585551330798,241.09878743166297,50.80024688484099,1032.8759613615568,0.04381703649055105,0.057652800635605246
data/work/Sample_Small/Segmentation_Images/Lines/100/100_9/100_9_12.jpg,2121,256,8.28515625,243.2109761757426,47.10269456494518,822.5686334098222,0.037193172442244224,0.048703810113154174
data/work/Sample_Small/Segmentation_Images/Lines/100/100_9/100_9_13.jpg,1259,188,6.696808510638298,241.27170753553142,50.51200800570596,917.6966809713977,0.04335169756476771,0.05667280685447755
data/work/Sample_Small/Segmentation_Images/Lines/100/100_9/100_9_14.jpg,1878,178,10.55056179775281,239.24860896722546,53.819857853973915,1050.6317548045884,0.049221619939931315,0.06525888166947864
data/work/Sample_Small/Segmentation_Images/Lines/100/100_9/100_9_15.jpg,2041,206,9.907766990291263,242.8238394466828,47.754062544063004,724.1107514119548,0.03808574704004795,0.050332266212545725
data/work/Sample_Small/Segmentation_Images/Lines/100/100_9/100_9_16.jpg,2157,191,11.293193717277488,240.58479272404227,51.631323279486814,830.6348294690239,0.045159191916249786,0.059159633677761676
data/work/Sample_Small/Segmentation_Images/Lines/100/100_9/100_9_17.jpg,1823,198,9.207070707070708,239.05349712151687,54.03351580009884,866.3725150384757,0.04982906409126925,0.06569535176227442
data/work/Sample_Small/Segmentation_Images/Lines/100/100_9/100_9_2.jpg,525,102,5.147058823529412,235.86532212885155,55.748439361020836,976.7708981757409,0.051596638655462185,0.08464985994397758
data/work/Sample_Small/Segmentation_Images/Lines/100/100_9/100_9_3.jpg,2110,125,16.88,236.90975165876776,55.99410073256181,1186.9509846663857,0.053956398104265405,0.07731184834123223
data/work/Sample_Small/Segmentation_Images/Lines/100/100_9/100_9_4.jpg,1950,178,10.955056179775282,242.1130221838087,47.8847912182917,838.0277720813214,0.03792855084989916,0.05495534428118698
data/work/Sample_Small/Segmentation_Images/Lines/100/100_9/100_9_5.jpg,1977,143,13.825174825174825,239.43470186869277,52.50047568347608,1054.592185859279,0.046319386228339185,0.06626908751339708
data/work/Sample_Small/Segmentation_Images/Lines/100/100_9/100_9_6.jpg,2006,177,11.333333333333334,241.28318997808833,49.68130577242327,935.2960969112539,0.041097047839532254,0.058051833200962084
data/work/Sample_Small/Segmentation_Images/Lines/100/100_9/100_9_7.jpg,2132,209,10.200956937799043,243.62728349955563,45.47099513806694,801.640538338525,0.034296255733996424,0.04832491000655314
data/work/Sample_Small/Segmentation_Images/Lines/100/100_9/100_9_8.jpg,1687,234,7.2094017094017095,245.77686076026325,41.19553121674108,652.7818517514147,0.027865173093388863,0.03911003703534824
data/work/Sample_Small/Segmentation_Images/Lines/100/100_9/100_9_9.jpg,1506,197,7.644670050761421,240.62429132876278,51.5173537908643,983.3657933334337,0.045004415502120115,0.05999352842437357
data/work/Sample_Small/Segmentation_Images/Lines/100/100_9.jpg,2364,3270,0.7229357798165138,244.82195263302233,43.504153028120484,658.4897144034888,0.03100844988797301,0.042459522811592855
data/work/Sample_Small/Segmentation_Images/Lines/50/50_1/50_1_1.jpg,1989,160,12.43125,229.75005027652085,68.97869795626812,1117.8833018195096,0.08430744092508799,0.09573278029160383
data/work/Sample_Small/Segmentation_Images/Lines/50/50_1/50_1_10.jpg,2214,302,7.33112582781457,237.34171018862506,59.627008024125324,1038.448827459669,0.061011504154776644,0.07088096819158037
data/work/Sample_Small/Segmentation_Images/Lines/50/50_1/50_1_11.jpg,2157,306,7.049019607843137,236.8780835158975,60.054481233021576,1028.983397341893,0.061864245002590745,0.07307565276149093
data/work/Sample_Small/Segmentation_Images/Lines/50/50_1/50_1_12.jpg,2251,263,8.55893536121673,237.20882818451622,59.322964481384446,799.62280787591,0.06013888208535961,0.07137512183009495
data/work/Sample_Small/Segmentation_Images/Lines/50/50_1/50_1_13.jpg,2211,246,8.987804878048781,236.93343151206275,59.563264289049236,654.2637770611411,0.06040565833066743,0.07183042658106364
data/work/Sample_Small/Segmentation_Images/Lines/50/50_1/50_1_14.jpg,2128,230,9.252173913043478,238.60835035959465,56.71363894384255,507.61906130088846,0.05426201372997712,0.06549321673749592
data/work/Sample_Small/Segmentation_Images/Lines/50/50_1/50_1_15.jpg,604,183,3.300546448087432,231.79426772337422,66.2111614680063,551.3546715013991,0.07642130785654833,0.0912314985705497
data/work/Sample_Small/Segmentation_Images/Lines/50/50_1/50_1_16.jpg,1441,206,6.995145631067961,227.53684402013164,61.54370714922772,487.05487160050774,0.06364242738659102,0.07551390283177135
data/work/Sample_Small/Segmentation_Images/Lines/50/50_1/50_1_2.jpg,1952,178,10.96629213483146,235.5098141923006,62.240766365089684,906.1196571077247,0.06667031221219377,0.07659387087861484
data/work/Sample_Small/Segmentation_Images/Lines/50/50_1/50_1_3.jpg,1061,163,6.50920245398773,233.65632029050033,65.09705748133534,916.8185934088543,0.07322643876884291,0.0845596526023025
data/work/Sample_Small/Segmentation_Images/Lines/50/50_1/50_1_4.jpg,2058,174,11.827586206896552,232.35028986964244,67.17640874746301,1031.659480995108,0.07894060744166304,0.09049071188409682
data/work/Sample_Small/Segmentation_Images/Lines/50/50_1/50_1_5.jpg,681,146,4.664383561643835,228.87040613119305,70.70841445194861,1041.3386535672296,0.08861867117253032,0.10333313217870577
data/work/Sample_Small/Segmentation_Images/Lines/50/50_1/50_1_6.jpg,2071,211,9.815165876777252,236.4836960874729,61.42697991183969,1205.6090883393122,0.06503486421606432,0.07395058366382062
data/work/Sample_Small/Segmentation_Images/Lines/50/50_1/50_1_7.jpg,2254,238,9.470588235294118,237.3524844720497,60.0727500029938,1170.8260291454933,0.061832186290665336,0.07058972657385935
data/work/Sample_Small/Segmentation_Images/Lines/50/50_1/50_1_8.jpg,2074,234,8.863247863247864,237.9666588367167,59.163015763061644,1162.4324782148965,0.059923843433968796,0.06829364785006058
data/work/Sample_Small/Segmentation_Images/Lines/50/50_1/50_1_9.jpg,1991,274,7.266423357664234,239.14175468440098,56.88259271229805,1063.7102512574925,0.05511847107604659,0.06368072384122712
data/work/Sample_Small/Segmentation_Images/Lines/50/50_1.jpg,2308,3200,0.72125,237.7408433979636,56.767611908929545,767.7121596480252,0.05225709488734835,0.0663221674610052
data/work/Sample_Small/Segmentation_Images/Lines/50/50_2/50_2_1.jpg,1613,148,10.89864864864865,229.92704126941572,69.3932078432369,1506.7281796610093,0.08536217556676329,0.09639583787134934
data/work/Sample_Small/Segmentation_Images/Lines/50/50_2/50_2_10.jpg,2065,181,11.408839779005525,237.03749147191417,60.384850625756485,1354.81892097976,0.06305031236204567,0.072128208901315
data/work/Sample_Small/Segmentation_Images/Lines/50/50_2/50_2_11.jpg,2148,210,10.228571428571428,239.36823179923738,56.59703407529945,1084.2144007973525,0.054526913186131065,0.0629444887824776
data/work/Sample_Small/Segmentation_Images/Lines/50/50_2/50_2_12.jpg,2088,205,10.185365853658537,237.55677039529016,59.54811769403944,1064.532839493505,0.06075600411176525,0.06992570787776843
data/work/Sample_Small/Segmentation_Images/Lines/50/50_2/50_2_13.jpg,513,163,3.147239263803681,232.14021932814313,66.8949738418649,1313.318456331123,0.07886963489159163,0.09194082684557338
data/work/Sample_Small/Segmentation_Images/Lines/50/50_2/50_2_14.jpg,2081,164,12.689024390243903,234.3451700050398,63.86428108869875,928.1229942351403,0.07070650836253678,0.08260568910350324
data/work/Sample_Small/Segmentation_Images/Lines/50/50_2/50_2_15.jpg,2058,168,12.25,234.76974582349948,63.072245125063574,734.5436710307345,0.0685854273682262,0.08094428247489471
data/work/Sample_Small/Segmentation_Images/Lines/50/50_2/50_2_16.jpg,1016,181,5.613259668508287,232.23772132074652,66.59194773079986,722.943397346481,0.0773317527298038,0.09105146387088354
data/work/Sample_Small/Segmentation_Images/Lines/50/50_2/50_2_17.jpg,1439,158,9.10759493670886,224.27380125086867,66.72275546810798,679.0634209994304,0.07562829320642851,0.08827772450981254
data/work/Sample_Small/Segmentation_Images/Lines/50/50_2/50_2_2.jpg,1871,107,17.485981308411215,218.49793453448353,82.40751997009885,2112.030759433173,0.1284185077698467,0.1451520252551237
data/work/Sample_Small/Segmentation_Images/Lines/50/50_2/50_2_3.jpg,1968,146,13.479452054794521,229.12463456398262,71.22912078605948,1568.5152508630765,0.0907743067156699,0.10300075175409289
data/work/Sample_Small/Segmentation_Images/Lines/50/50_2/50_2_4.jpg,529,148,3.574324324324324,232.01305369641852,67.67840616815104,1319.4577207412383,0.08057017319777245,0.09174628314514893
data/work/Sample_Small/Segmentation_Images/Lines/50/50_2/50_2_5.jpg,1956,164,11.926829268292684,232.46600827971469,67.2333929151361,1596.2295843920608,0.07952079904234625,0.08995772856501572
data/work/Sample_Small/Segmentation_Images/Lines/50/50_2/50_2_6.jpg,468,133,3.518796992481203,231.12076666024035,69.20715112382929,1705.51548743654,0.08503630872051925,0.09501317396054239
data/work/Sample_Small/Segmentation_Images/Lines/50/50_2/50_2_7.jpg,925,168,5.505952380952381,235.1416537966538,63.656598561182165,1799.034755439568,0.07081081081081081,0.07963963963963964
data/work/Sample_Small/Segmentation_Images/Lines/50/50_2/50_2_8.jpg,2059,148,13.912162162162161,231.36441528950027,68.70050130884411,1935.3142728690061,0.08397870916083641,0.09475211005079874
data/work/Sample_Small/Segmentation_Images/Lines/50/50_2/50_2_9.jpg,2012,158,12.734177215189874,234.4199266426756,64.44037691328809,1628.7712353924599,0.07279739285804163,0.08266225432216825
data/work/Sample_Small/Segmentation_Images/Lines/50/50_2.jpg,2204,3108,0.7091377091377091,238.49824088413018,56.79922379435746,877.6507010338739,0.052716396069390624,0.06485225178510115
data/work/Sample_Small/Segmentation_Images/Lines/50/50_3/50_3_1.jpg,1660,167,9.940119760479043,234.49793304956353,62.053217681278156,1260.2844529078066,0.0654281797850083,0.0815273068321189
data/work/Sample_Small/Segmentation_Images/Lines/50/50_3/50_3_10.jpg,1097,168,6.529761904761905,240.70347701523636,53.395321899250064,1136.387094643637,0.04841667751877415,0.058368060077267005
data/work/Sample_Small/Segmentation_Images/Lines/50/50_3/50_3_11.jpg,1394,169,8.248520710059172,239.8303337210191,55.358633928685485,1187.7811796913793,0.05224843581537103,0.06132367797746895
data/work/Sample_Small/Segmentation_Images/Lines/50/50_3/50_3_12.jpg,1810,207,8.743961352657005,239.08195211786372,56.73297516649333,1268.421925728135,0.05503509755251288,0.06390156671203993
data/work/Sample_Small/Segmentation_Images/Lines/50/50_3/50_3_13.jpg,2161,203,10.645320197044335,238.4773879999909,58.09722768711195,1289.3586707669242,0.057839031829361974,0.06653095743395572
data/work/Sample_Small/Segmentation_Images/Lines/50/50_3/50_3_14.jpg,1713,200,8.565,239.0416403969644,57.35574869888275,1303.00344339962,0.05655283129013427,0.06383829538820782
data/work/Sample_Small/Segmentation_Images/Lines/50/50_3/50_3_15.jpg,1285,187,6.871657754010696,237.2985954763936,60.127877643657094,1481.576389165779,0.0626688029297322,0.0709336440625065
data/work/Sample_Small/Segmentation_Images/Lines/50/50_3/50_3_16.jpg,2145,197,10.888324873096447,237.40148616189225,59.58399959603903,1146.0787673411492,0.06134204205270195,0.06987090743435921
data/work/Sample_Small/Segmentation_Images/Lines/50/50_3/50_3_17.jpg,777,145,5.358620689655172,228.536928061066,71.84612376790484,1700.847725412404,0.0932321484045622,0.10512581547064306
data/work/Sample_Small/Segmentation_Images/Lines/50/50_3/50_3_2.jpg,1835,155,11.838709677419354,234.85435527819286,63.46716826334023,1376.9946030465728,0.07000087896633558,0.08039729278368639
data/work/Sample_Small/Segmentation_Images/Lines/50/50_3/50_3_3.jpg,1997,156,12.801282051282051,233.8469595418769,64.82213158243276,1431.82197010893,0.07353979687479938,0.08508596227674846
data/work/Sample_Small/Segmentation_Images/Lines/50/50_3/50_3_4.jpg,1936,142,13.633802816901408,232.23658843557212,67.06602385949151,1582.8698783605994,0.07968004306832732,0.09121100570364335
data/work/Sample_Small/Segmentation_Images/Lines/50/50_3/50_3_5.jpg,2054,158,13.0,236.5176099737468,60.814409628762654,1215.3744407327754,0.06409845562224989,0.07447955825619662
data/work/Sample_Small/Segmentation_Images/Lines/50/50_3/50_3_6.jpg,2106,145,14.524137931034483,233.2183908045977,65.04173815724617,1341.5310999660958,0.07417886498346268,0.087942495988473
data/work/Sample_Small/Segmentation_Images/Lines/50/50_3/50_3_7.jpg,2107,168,12.541666666666666,236.1845238095238,60.75251317223545,1202.3166568647741,0.0637359595000791,0.07603340339458042
data/work/Sample_Small/Segmentation_Images/Lines/50/50_3/50_3_8.jpg,2000,190,10.526315789473685,239.95403947368422,55.001445729788436,1009.6047078946746,0.05146315789473684,0.061047368421052635
data/work/Sample_Small/Segmentation_Images/Lines/50/50_3/50_3_9.jpg,2054,155,13.251612903225807,236.28515249552407,60.64199480133972,1322.4040339395406,0.06352043220152652,0.07564154914093664
data/work/Sample_Small/Segmentation_Images/Lines/50/50_3.jpg,2268,3068,0.7392438070404173,240.2827464306984,54.695825126871824,1024.764381084352,0.050190968270064314,0.05911192281248778
data/work/Sample_Small/Segmentation_Images/Lines/50/50_4/50_4_1.jpg,1924,156,12.333333333333334,230.46635948078256,68.28992786348566,1888.8595007334336,0.08269364038594808,0.09868929580468042
data/work/Sample_Small/Segmentation_Images/Lines/50/50_4/50_4_10.jpg,1948,242,8.049586776859504,239.26076543859352,56.766889772808284,1447.2993229232054,0.05535238515451321,0.06342169124509987
data/work/Sample_Small/Segmentation_Images/Lines/50/50_4/50_4_11.jpg,1009,187,5.39572192513369,238.6227005082599,57.764484211507586,1604.6331727782658,0.05783774902879433,0.06612148418246477
data/work/Sample_Small/Segmentation_Images/Lines/50/50_4/50_4_12.jpg,1907,202,9.44059405940594,239.19397270088834,57.03208115860876,1296.9323865797323,0.05554574859688381,0.06324276895439937
data/work/Sample_Small/Segmentation_Images/Lines/50/50_4/50_4_13.jpg,1937,213,9.093896713615024,239.098552769032,57.18267758891182,1171.2310950239664,0.055824189674270025,0.06357297112566987
data/work/Sample_Small/Segmentation_Images/Lines/50/50_4/50_4_14.jpg,1035,200,5.175,238.45812560386474,58.11209254255989,1290.7413054213403,0.057603864734299515,0.06564734299516908
data/work/Sample_Small/Segmentation_Images/Lines/50/50_4/50_4_15.jpg,1945,223,8.721973094170403,236.13909875845852,61.682419593694476,1040.5292001822763,0.0658604908527096,0.07505504513124373
data/work/Sample_Small/Segmentation_Images/Lines/50/50_4/50_4_16.jpg,2168,250,8.672,235.4723450184502,58.70800123180596,940.2860424329427,0.05821955719557195,0.06856273062730628
data/work/Sample_Small/Segmentation_Images/Lines/50/50_4/50_4_2.jpg,1926,168,11.464285714285714,233.3449661276764,66.0504474404497,1621.041270485822,0.0766484942886812,0.0863249765118924
data/work/Sample_Small/Segmentation_Images/Lines/50/50_4/50_4_3.jpg,2003,200,10.015,236.60638042935597,61.47237344680357,1564.7260209503768,0.06556415376934598,0.07372940589116325
data/work/Sample_Small/Segmentation_Images/Lines/50/50_4/50_4_4.jpg,1813,193,9.393782383419689,235.60449716926402,62.72706535171628,1798.2687984324914,0.0687007193298829,0.07728866648185671
data/work/Sample_Small/Segmentation_Images/Lines/50/50_4/50_4_5.jpg,1906,259,7.359073359073359,238.830508817917,57.94140744528582,1379.860788794053,0.057370141840236276,0.06477816446336908
data/work/Sample_Small/Segmentation_Images/Lines/50/50_4/50_4_6.jpg,2081,226,9.20796460176991,239.95544602875574,55.74207245900297,1300.5762667428464,0.052895348985554085,0.06021186206427305
data/work/Sample_Small/Segmentation_Images/Lines/50/50_4/50_4_7.jpg,2052,245,8.375510204081632,241.84785177228787,52.14812447941535,1204.23647107874,0.04589847634960417,0.0526375462465688
data/work/Sample_Small/Segmentation_Images/Lines/50/50_4/50_4_8.jpg,938,138,6.797101449275362,233.8205633324063,64.9099436771823,1921.0107351105307,0.0740011124501715,0.08500200859058743
data/work/Sample_Small/Segmentation_Images/Lines/50/50_4/50_4_9.jpg,2056,213,9.652582159624414,240.96179737308415,53.8949648386243,1254.6320010796678,0.04941679910852926,0.05658692753146636
data/work/Sample_Small/Segmentation_Images/Lines/50/50_4.jpg,2236,3096,0.7222222222222222,239.65827913448248,55.59243979589714,1184.9391559243657,0.05205054245075878,0.060083586415387386
data/work/Sample_Small/Segmentation_Images/Lines/50/50_5/50_5_1.jpg,1822,174,10.471264367816092,232.826775552948,63.454174625310635,916.4696650979507,0.06737890659500108,0.08916562574914519
data/work/Sample_Small/Segmentation_Images/Lines/50/50_5/50_5_2.jpg,1940,178,10.898876404494382,235.12969998841655,62.4609575957934,850.3345129007637,0.06741573033707865,0.07985057338121163
data/work/Sample_Small/Segmentation_Images/Lines/50/50_5/50_5_3.jpg,1096,187,5.86096256684492,237.19037140403606,59.39291746286436,865.3659976818352,0.060267770014442404,0.07124107108005777
data/work/Sample_Small/Segmentation_Images/Lines/50/50_5.jpg,2256,2936,0.7683923705722071,251.87734479172707,24.914809114920565,130.57325808070706,0.009422043789978162,0.011912828279900284
